npi,communityId
1003013947,4234
1003019902,4244
1003031261,4234
1003050972,4244
1003063314,4244
1003071333,2542
1003075862,2802
1003077728,4244
1003090424,4234
1003098963,4244
1003101684,4226
1003112277,2802
1003113200,4245
1003149147,4244
1003153743,4245
1003168287,4239
1003198359,2802
1003202292,4245
1003224155,4247
1003801788,4234
1003802042,4234
1003811696,4238
1003813593,4234
1003815697,4234
1003815978,4234
1003819277,4239
1003819772,4245
1003833872,4236
1003854258,2802
1003855537,4238
1003858267,4236
1003860982,4234
1003862566,4239
1003876236,4234
1003897380,4234
1003903121,4245
1003903139,4244
1003905969,4239
1003906751,4247
1003908435,4244
1003910712,4245
1003922881,4226
1003990110,4244
1003991167,4244
1013004142,4244
1013009448,4244
1013013234,4226
1013042910,4239
1013064153,4238
1013064831,4234
1013064989,4244
1013067156,4239
1013071984,4239
1013079383,4238
1013107697,4244
1013118082,4244
1013118090,4244
1013178383,4234
1013179860,4245
1013184340,4239
1013201649,4244
1013226026,4234
1013233279,4245
1013233865,4239
1013273044,4239
1013312974,4238
1013313626,4239
1013348705,2802
1013386929,4247
1013391622,4234
1013453729,4244
1013902782,4234
1013905322,4239
1013908730,4239
1013920735,4247
1013928506,4244
1013957976,4239
1013958776,2802
1013961473,2802
1013962687,2802
1013964741,2542
1013973387,4234
1013991850,4234
1013992106,4234
1013996222,4245
1023000999,4234
1023004041,4239
1023004264,4234
1023009818,4239
1023046554,4239
1023046794,4236
1023046901,4244
1023055126,4234
1023065232,4239
1023069887,4244
1023076882,2802
1023078243,2802
1023094851,4234
1023099074,4247
1023100435,4244
1023103462,4234
1023105137,4244
1023105145,4244
1023105152,4244
1023165909,4244
1023192135,4244
1023205531,4239
1023220753,4244
1023251428,4234
1023252566,4244
1023253549,4234
1023262466,4244
1023295664,4239
1023307022,4244
1023312444,4244
1023337979,4226
1023343910,4234
1023351848,4244
1023434248,4245
1023434438,4244
1023452331,4226
1023454592,4239
1033100763,4238
1033103551,4245
1033144647,4239
1033168059,4244
1033184320,4245
1033187810,2802
1033190954,4234
1033206149,4244
1033206156,4244
1033215157,4234
1033225073,4226
1033227764,4239
1033230404,4244
1033246640,4238
1033293147,4244
1033293154,4244
1033297429,4226
1033311196,4244
1033311360,4244
1033313127,4245
1033316484,4245
1033323159,4234
1033326335,4244
1033391008,4239
1033459672,4236
1033472592,4245
1033482393,4244
1033488432,4245
1033532585,4234
1033542980,4226
1033570015,4234
1033590526,4245
1043205008,4234
1043206329,4226
1043206386,4239
1043217854,4234
1043218654,4234
1043219165,4234
1043220320,4244
1043226293,4244
1043229495,4244
1043232879,4239
1043250186,4245
1043253537,4244
1043281710,2802
1043288509,4238
1043294747,4245
1043296262,4239
1043296890,4244
1043299464,4245
1043300288,4239
1043302466,4244
1043318157,4234
1043319486,4244
1043326127,4234
1043351471,2802
1043394166,4244
1043411564,4244
1043451073,4244
1043453632,4238
1043475288,4226
1043480676,4226
1043481369,4234
1043484447,4226
1043522311,4234
1043576689,4239
1043614175,4239
1043615644,4247
1043629561,4244
1043663719,4234
1043671647,4234
1043755986,4244
1053303248,4234
1053306175,4234
1053308502,4238
1053309492,2802
1053310961,4234
1053314963,4239
1053317685,4245
1053322818,4244
1053335984,4239
1053337717,4234
1053343251,4244
1053349100,4244
1053350074,2802
1053350215,4234
1053366369,4245
1053380881,2542
1053382648,2802
1053390682,4238
1053394916,4234
1053406405,4234
1053408567,4234
1053421941,4234
1053425181,4247
1053452482,4244
1053453795,4245
1053468926,4244
1053470062,4234
1053495168,4244
1053519785,4234
1053521997,4244
1053559187,4244
1053608364,4234
1053631705,4244
1053638148,4238
1053639195,4244
1053663716,4239
1053679951,4234
1053719682,4234
1053760595,4239
1063403434,4239
1063407351,4234
1063407534,4236
1063415131,4236
1063416436,4234
1063445641,4244
1063449031,4238
1063449627,4226
1063452399,4239
1063452902,4239
1063458255,4239
1063462315,4244
1063467876,4234
1063483568,4245
1063485274,4234
1063485373,4239
1063487551,4234
1063502037,2802
1063506921,4245
1063520666,2542
1063525665,4244
1063528651,4239
1063596161,4244
1063665198,4244
1063671832,4234
1063673622,4234
1063704773,4244
1063730059,4234
1063739480,4234
1063742229,4234
1063774537,4234
1063829323,4234
1063831097,2542
1063864775,4238
1063884138,4234
1063956589,4245
1063965168,4239
1073050209,4244
1073065702,4244
1073505830,4239
1073509097,4239
1073516001,4236
1073516340,4239
1073518734,2542
1073524906,2802
1073537072,4245
1073547402,4234
1073549176,4244
1073553608,4244
1073556023,4239
1073557831,4234
1073559753,4234
1073566212,4226
1073566626,2802
1073581922,4239
1073591467,4239
1073600102,4244
1073605499,4244
1073606000,4244
1073607784,4244
1073612412,4244
1073627170,4244
1073633780,4238
1073664280,4239
1073697181,4244
1073727301,4234
1073733093,4239
1073741211,4234
1073742250,4247
1073773982,4239
1073775706,4234
1073777470,4244
1073779930,4238
1073791612,4244
1073797502,4244
1073808747,4244
1073856696,4234
1073873972,4234
1073892451,4234
1073905774,4226
1073912168,4244
1073919619,4234
1073921011,4244
1083028286,4234
1083033476,4244
1083033609,4244
1083601397,4238
1083606248,4239
1083609481,4234
1083610547,4236
1083611651,4239
1083614044,2802
1083615934,4234
1083616387,4239
1083648604,4244
1083659163,4234
1083660518,4236
1083661730,4234
1083665962,4245
1083668594,4238
1083686513,4239
1083687305,4245
1083701106,4244
1083703540,4234
1083706402,4244
1083710172,4226
1083712939,4244
1083713424,4244
1083715031,4234
1083737589,2802
1083796320,4244
1083798193,4244
1083841993,4244
1083859730,4244
1083865976,4234
1083871164,4244
1083890941,4244
1083905822,4234
1083941769,4244
1093017584,4244
1093028599,4244
1093030660,4244
1093045130,4239
1093046054,4244
1093051427,4244
1093058018,4234
1093159444,4234
1093170318,4244
1093189409,4244
1093255648,4234
1093706962,4234
1093716748,4244
1093718272,4236
1093738536,2802
1093742736,2802
1093745721,4244
1093750564,4234
1093753303,4234
1093753626,4226
1093753840,4234
1093754327,4226
1093791063,4239
1093800104,4244
1093802126,4244
1093807422,4244
1093808107,4244
1093809857,4234
1093814428,4244
1093818981,4244
1093830176,4234
1093887606,4226
1093931628,4226
1104020684,4244
1104025329,4244
1104027184,4234
1104031053,4244
1104033265,4239
1104043082,4245
1104064088,4244
1104083757,4239
1104137215,4247
1104138908,4247
1104142314,4234
1104155332,4244
1104183235,4244
1104185826,4238
1104238153,4239
1104269067,4239
1104378538,4245
1104802271,4234
1104804145,2542
1104812478,4245
1104812551,4234
1104817667,4234
1104817907,4239
1104818269,4239
1104818889,4234
1104820760,4239
1104823616,4234
1104825769,4238
1104829340,4234
1104836741,4245
1104837327,4247
1104839083,4244
1104859115,2802
1104861624,4239
1104862234,4244
1104863554,4239
1104871029,4245
1104875459,4245
1104879352,4239
1104879774,2802
1104890003,4245
1104897164,4226
1104905694,4234
1104911387,4244
1104912013,4244
1104933738,4245
1104951177,4244
1104973080,4234
1104973924,4234
1104989581,4239
1114001229,4239
1114004983,4239
1114019528,4238
1114019536,4244
1114019833,4226
1114020336,4234
1114023355,4244
1114026549,4244
1114062197,2802
1114065398,4226
1114074085,4245
1114074093,4244
1114085834,4247
1114101128,4234
1114101300,4234
1114104494,4239
1114121712,4226
1114151479,4244
1114164787,4234
1114174547,4244
1114191731,4244
1114216033,4244
1114243789,4234
1114247848,4244
1114257391,4234
1114271376,2802
1114283876,4234
1114321023,2802
1114914900,4236
1114916095,4245
1114927936,4234
1114953080,2802
1114956687,2802
1114960622,4236
1114961513,4234
1114961596,4234
1114966355,4234
1114966835,4239
1114967023,4244
1114967353,4245
1114967684,4238
1114969383,4236
1114974979,4234
1114979184,4226
1114997038,4234
1124003504,4234
1124003561,2802
1124004593,4244
1124005145,4234
1124007919,4234
1124007984,4245
1124012950,4238
1124014501,4234
1124020011,4245
1124024344,4245
1124025192,4239
1124032255,4239
1124043880,4245
1124061676,2802
1124065362,4234
1124065420,4245
1124066683,4239
1124067533,4239
1124069836,4234
1124073473,2802
1124083720,4234
1124096904,2802
1124097126,4245
1124098777,4244
1124102249,4244
1124108279,4234
1124115241,4244
1124115258,4244
1124135280,4244
1124139456,4244
1124145636,4244
1124150016,4247
1124175096,4244
1124175914,4245
1124175922,4234
1124175948,4238
1124219969,4244
1124222609,4244
1124226477,4239
1124226501,4245
1124238951,2802
1124242508,4244
1124246681,4226
1124261920,4245
1124262175,4234
1124292081,4244
1124323449,4244
1124323894,4244
1124345814,4244
1124370630,4244
1124381371,4226
1124387709,4244
1124466107,4245
1124467451,4239
1124474663,4234
1124491584,4244
1124578687,4239
1134102304,4239
1134103831,4234
1134114630,4244
1134117690,2802
1134121130,4234
1134122310,4244
1134128739,4244
1134145204,4234
1134154461,4245
1134158462,4234
1134162134,4234
1134163694,4234
1134168982,4245
1134178171,4239
1134186042,4234
1134191067,4244
1134203243,4244
1134211543,4244
1134211550,4238
1134216245,4244
1134225089,2802
1134267008,4238
1134321235,4239
1134324544,4226
1134325947,4239
1134337983,4238
1134346323,4239
1134351133,4236
1134355647,4226
1134357718,4234
1134377922,4239
1134410129,4245
1134410608,4244
1134418676,4244
1134451412,4234
1134486467,4244
1134497407,4234
1134509706,4247
1134534142,4239
1134545197,4244
1134557481,4239
1134592884,4244
1144205519,4239
1144211830,4239
1144214701,4236
1144216482,4226
1144216516,4244
1144220310,4239
1144220450,4244
1144222035,4234
1144223223,4239
1144224981,4239
1144227778,4236
1144237751,4226
1144248865,4244
1144259631,4245
1144264458,4238
1144267279,4234
1144273061,2802
1144274416,2802
1144283896,4234
1144285099,4239
1144288747,4247
1144290529,4238
1144299108,4239
1144305152,4239
1144309121,4234
1144311580,4234
1144312554,4244
1144312562,4244
1144377003,4244
1144377011,4244
1144377029,4244
1144377946,4244
1144377953,4244
1144381450,4226
1144383738,4245
1144409830,4239
1144411323,4244
1144412958,4245
1144413956,4239
1144464843,4244
1144469826,4244
1144475708,4244
1144502337,2802
1144544719,4238
1144556168,4239
1144565441,4239
1144582081,4234
1144585654,4234
1144587205,4244
1144588690,4244
1144618133,4245
1144625963,4244
1144664376,4234
1144668286,4226
1144772153,4239
1154303592,4244
1154311413,4244
1154312908,4239
1154313302,4245
1154313708,4234
1154320513,4234
1154324325,4245
1154339737,4244
1154342046,4234
1154344836,4226
1154350759,4244
1154359289,4244
1154359602,4244
1154365518,4234
1154366409,4239
1154376259,4239
1154380723,4247
1154386035,4245
1154392918,2802
1154394344,4239
1154398105,4226
1154413573,4244
1154418267,4244
1154420594,4244
1154425361,4226
1154436590,4244
1154478956,4244
1154478964,4244
1154491207,4234
1154501443,4226
1154512275,4244
1154534923,2802
1154560555,4234
1154576825,4245
1154596732,2802
1154597458,4244
1154615508,4234
1154625580,4244
1154637288,4244
1154647188,4239
1154692960,4238
1154699338,4244
1154728467,4239
1154747889,4247
1154790335,4244
1154863298,4234
1164404315,4244
1164426979,4239
1164457867,4244
1164461315,4239
1164468906,4244
1164485272,4244
1164490488,4247
1164504544,4234
1164506275,4244
1164519294,4244
1164579967,4238
1164590386,2802
1164598876,4245
1164609475,4239
1164628368,4244
1164637369,4244
1164659496,4234
1164659512,4234
1164659801,4244
1164693008,4244
1164718144,4244
1164765798,4245
1164787750,4245
1164827218,4247
1164829057,4244
1164832648,2802
1164852315,4239
1164862124,4244
1164884029,4239
1164979753,4234
1174500425,4245
1174500896,4245
1174509566,4239
1174515316,4239
1174517593,4244
1174522718,4244
1174526065,4244
1174533772,4244
1174537294,2802
1174543516,4234
1174555072,4239
1174556492,4239
1174558571,4234
1174561989,4244
1174564314,4245
1174565543,4239
1174572796,4226
1174574214,4234
1174576599,4234
1174577696,2802
1174580286,4234
1174584403,4239
1174593271,4239
1174602700,4234
1174615504,4244
1174615595,4244
1174622500,4238
1174664296,4234
1174669998,4247
1174670046,4244
1174670962,4244
1174676076,4244
1174702351,4234
1174718480,2802
1174727655,4244
1174730386,4244
1174736912,4244
1174789929,2802
1174826911,4244
1174889117,4234
1174930911,4234
1174971253,4245
1184032138,4239
1184048795,2802
1184067654,4245
1184069429,4239
1184075715,4245
1184602757,4234
1184603839,4236
1184606519,4247
1184612921,4245
1184615809,4239
1184617441,4244
1184619124,4247
1184620460,4234
1184640336,4247
1184646929,2802
1184650145,4239
1184654246,4244
1184657272,4244
1184663494,4239
1184677346,4226
1184697898,4234
1184711293,4244
1184716508,4244
1184716516,4244
1184734030,4234
1184751745,4226
1184787574,4239
1184812133,4244
1184867541,4244
1184867939,4226
1184885923,4244
1184887655,4245
1184914129,4239
1184920886,4244
1184928186,4234
1184949752,4234
1184982209,4234
1184989154,4234
1194001677,4239
1194013615,2802
1194016667,4244
1194018531,2802
1194019034,4238
1194020529,4226
1194021352,4245
1194040535,4244
1194051987,4244
1194058537,4226
1194061291,4236
1194127902,4234
1194275016,4244
1194701391,4245
1194704411,4226
1194710889,4234
1194711291,4245
1194711671,4238
1194716514,4244
1194716662,4238
1194722132,4239
1194724864,4234
1194741488,4244
1194743914,4239
1194751354,4239
1194779462,2802
1194782029,4247
1194794040,4245
1194794172,4234
1194795104,4239
1194806323,4238
1194809202,4244
1194812214,4244
1194812297,4244
1194817502,4244
1194828764,4244
1194830612,4239
1194841452,4245
1194872051,4239
1194875179,4245
1194887570,4234
1194891515,2802
1194899468,4247
1194902452,4244
1194954586,4244
1194967380,4234
1194968057,4244
1194969196,4244
1194987867,4244
1205002227,4245
1205030780,4244
1205060381,4244
1205070851,4239
1205080504,4236
1205108792,4234
1205131539,4245
1205155850,4247
1205175023,4234
1205209665,4244
1205209681,4244
1205221884,4226
1205231479,4244
1205264553,4234
1205273893,4244
1205369113,4244
1205809027,4234
1205814746,4247
1205819695,4244
1205825866,4234
1205826526,4245
1205827987,4238
1205830015,2802
1205834777,4234
1205839263,4239
1205871472,4244
1205878220,4236
1205878402,2802
1205879467,4245
1205879640,4226
1205910312,4244
1205923323,4234
1205923331,4244
1205937836,4226
1205945045,4244
1205945300,2802
1205954443,4244
1205978012,4234
1205978152,2802
1205983186,4244
1215017330,4244
1215025895,4245
1215028899,4234
1215029624,4244
1215029632,4244
1215029897,4226
1215036645,4244
1215036652,4244
1215064852,4226
1215073796,4234
1215076807,4244
1215084108,4244
1215091129,4244
1215105895,4238
1215145669,4244
1215152236,4244
1215155288,4244
1215158175,4234
1215193255,4244
1215206719,4226
1215211677,4245
1215212592,4244
1215216890,4239
1215253208,4244
1215257670,4247
1215295084,4234
1215298013,4244
1215308572,4239
1215317383,4245
1215377932,2802
1215483466,4239
1215900980,4244
1215902796,4234
1215908868,4245
1215914569,4234
1215915871,4244
1215916838,4226
1215918321,4234
1215922711,4245
1215923875,4234
1215926126,4244
1215926860,2802
1215926886,2802
1215930466,4236
1215931928,4244
1215966726,4244
1215971858,4234
1215973581,4244
1215976527,4239
1215982566,2802
1215986781,4244
1215995972,4247
1215998612,4239
1225013535,4234
1225016546,4244
1225020563,4238
1225023914,4234
1225024243,4239
1225027014,4245
1225028012,4238
1225029994,4239
1225031073,4239
1225039290,4247
1225042740,4234
1225060791,4234
1225061500,4247
1225064181,4234
1225070337,4234
1225071046,4234
1225078561,4239
1225079007,4234
1225089097,4244
1225099377,4244
1225120637,4244
1225120645,4244
1225120926,4234
1225125354,4238
1225159890,4244
1225178676,4247
1225179658,4244
1225203540,4239
1225226327,4234
1225231772,4244
1225259831,4244
1225269103,4244
1225274822,4244
1225279433,4244
1225309271,4244
1225312119,4244
1225323462,4239
1225329634,4244
1225331937,2802
1225336027,4244
1225347636,4244
1225364474,4245
1225364748,4234
1225384209,4226
1225389547,4226
1225421142,4234
1225470057,2802
1225494891,4234
1225575426,4244
1235101791,4234
1235101809,4245
1235103490,4234
1235109463,4239
1235121179,4245
1235129610,4234
1235136722,4239
1235136730,4239
1235137183,4244
1235154683,2802
1235157652,4244
1235159468,4244
1235163528,4236
1235167388,4244
1235171596,4245
1235172164,4244
1235172800,2802
1235182429,4239
1235196395,4238
1235202003,4244
1235213349,4244
1235213356,4244
1235215518,4245
1235218710,4234
1235218728,4234
1235221656,4244
1235235086,2802
1235238676,4244
1235241860,4244
1235242181,4234
1235308305,4234
1235357062,4239
1235378423,4234
1235400912,4244
1235419904,4234
1235458183,4247
1235468943,4244
1235502857,4244
1235681404,4226
1245203355,4245
1245208115,4244
1245208602,4226
1245210632,4245
1245213370,4239
1245214899,4234
1245215649,4245
1245222397,4239
1245225564,4234
1245225937,4234
1245226554,4234
1245231141,4244
1245237148,4239
1245237635,4239
1245238476,4245
1245239128,4244
1245267723,4244
1245270529,4245
1245270743,4245
1245271808,4226
1245274778,4234
1245275593,4239
1245283837,2802
1245300391,4234
1245303924,4244
1245309335,4238
1245313741,4234
1245316561,4238
1245317932,4245
1245322668,4244
1245325422,4234
1245325661,4234
1245327352,4244
1245327378,4244
1245334333,4239
1245368943,4245
1245387109,2802
1245393545,4239
1245405661,4239
1245425057,4244
1245449982,4234
1245503135,4226
1245520436,4244
1245523117,4244
1245529577,4244
1245541846,4244
1245556554,4244
1245570084,4245
1245576818,4244
1245596394,4244
1245604255,4234
1245630425,4234
1245663665,4239
1245774702,4244
1255301800,4234
1255316238,4239
1255318051,4234
1255323721,4226
1255324281,4245
1255326146,4244
1255334322,4226
1255355277,4234
1255368767,4239
1255370029,4239
1255372587,4244
1255383766,4247
1255385902,2802
1255389623,4244
1255400362,4234
1255421954,4239
1255423679,4244
1255428355,4244
1255428363,4244
1255428389,4244
1255437471,2802
1255488052,4238
1255488128,4244
1255526380,4245
1255535746,4239
1255548665,4244
1255564753,4244
1255571279,4244
1255574919,4244
1255575320,4244
1255576500,4245
1255579652,4234
1255605036,2542
1255624433,4244
1255638474,4234
1255657557,4244
1255658969,4244
1255672960,4245
1255674594,4245
1255691978,4239
1255718524,4244
1255785762,4244
1265406284,4238
1265419725,4234
1265420988,2802
1265423099,4239
1265426050,4234
1265427157,4244
1265427553,4234
1265432348,4234
1265433916,4226
1265437875,4234
1265439244,4239
1265440416,4239
1265445506,4238
1265449490,4234
1265455091,4234
1265464499,4234
1265465959,4239
1265469936,2802
1265476790,4234
1265477210,4244
1265479844,4234
1265487193,4234
1265490833,4234
1265495303,4245
1265497788,4234
1265502819,2802
1265504575,4244
1265516371,4244
1265524680,4244
1265529309,4244
1265529382,4244
1265530117,4244
1265531602,4244
1265551295,4244
1265553234,4244
1265556674,4234
1265556898,4245
1265571186,4244
1265579338,4244
1265587992,4245
1265589139,4239
1265599518,4247
1265602999,2802
1265606255,4234
1265616494,4244
1265621635,4226
1265633242,4244
1265636757,4238
1265669683,4234
1265694913,4238
1265729958,4236
1265739536,4244
1265741946,4236
1265750921,4244
1265753339,4226
1265761043,4234
1265787295,4247
1265791867,4244
1265809305,4226
1265812267,4239
1265849301,4236
1265875553,4239
1265892723,4239
1265897177,4245
1265899769,4234
1265987374,4239
1275504433,4238
1275515223,2802
1275524936,4239
1275528770,4234
1275531949,4234
1275536468,4245
1275546061,4244
1275571150,4234
1275577728,4234
1275586646,2802
1275591042,4244
1275594053,4239
1275597262,4239
1275620312,4244
1275620379,4244
1275625691,4244
1275629966,4234
1275631129,4244
1275632606,4244
1275646119,4234
1275660144,4234
1275674590,4239
1275680134,4239
1275707929,4247
1275714958,2802
1275767261,4244
1275774051,4234
1275793283,4234
1275828089,2802
1275844508,4244
1275871600,4234
1275888992,4245
1275933319,2802
1275938110,4234
1275955346,4239
1275959678,4234
1275976110,4236
1275997876,4244
1285033472,4244
1285038992,4234
1285054015,4239
1285062729,4245
1285099630,2802
1285600452,4247
1285604454,4239
1285615278,4245
1285617332,4244
1285625731,4239
1285625814,4239
1285627398,4239
1285627406,2802
1285629527,4244
1285634824,4244
1285657726,4245
1285662148,4234
1285674333,2542
1285674465,2802
1285676080,4239
1285676247,4239
1285682211,4234
1285688457,2802
1285695171,4234
1285716944,4244
1285718395,4244
1285721316,4244
1285721381,4244
1285721399,4244
1285723718,4234
1285726695,4244
1285730416,2802
1285732131,4244
1285733618,4244
1285754135,2802
1285781088,4244
1285781161,4244
1285797811,4239
1285809947,4226
1285843896,4247
1285862482,4239
1285872580,2802
1285894394,4234
1285920108,4239
1285936013,4234
1285950006,4226
1285964460,4234
1295029601,4236
1295033215,2542
1295046068,4244
1295052934,2802
1295053114,4244
1295091148,4244
1295093615,4244
1295120491,4244
1295128734,4244
1295128957,4245
1295169548,4238
1295700110,4239
1295706257,4245
1295720605,2802
1295733772,4244
1295733962,4236
1295736940,4226
1295738326,4239
1295742831,4244
1295762789,4244
1295770915,4239
1295775781,4245
1295780476,4234
1295782167,2802
1295814853,4234
1295822328,4244
1295826535,4244
1295834620,4244
1295856623,4244
1295882165,4244
1295918688,4244
1295919041,4245
1295930816,4244
1295936276,4244
1295937696,4239
1295952505,4226
1295979342,4238
1306010749,4244
1306027040,4236
1306034467,4245
1306037775,4239
1306040894,4244
1306053939,4239
1306092960,4245
1306111497,4226
1306113345,4239
1306131891,4244
1306159181,4234
1306167010,4245
1306238464,4234
1306243431,4244
1306254222,4234
1306275946,4244
1306287131,4244
1306394044,4244
1306819792,4234
1306819834,4244
1306825211,4234
1306827605,4234
1306828942,4244
1306831284,4234
1306832753,4238
1306834700,2802
1306841424,4239
1306844071,4234
1306849377,4236
1306862669,4234
1306884150,4244
1306889597,4247
1306891262,4239
1306896519,4244
1306920426,4244
1306925508,4239
1306936802,4244
1306950514,4247
1306953435,4244
1306969696,4245
1306987730,4244
1306993282,4234
1316029218,4244
1316029226,4239
1316034424,4244
1316034440,4244
1316039720,4244
1316039738,4244
1316050487,4238
1316050586,4226
1316051659,4244
1316054133,4226
1316075849,4244
1316094204,4239
1316094279,4244
1316096373,4244
1316101249,4244
1316111727,4245
1316112634,4244
1316142573,4239
1316148893,4244
1316155757,2802
1316160468,4244
1316176233,4245
1316190184,4244
1316204423,4234
1316206337,4236
1316236086,4239
1316282346,4234
1316324593,4234
1316343890,4239
1316386931,4236
1316902703,4244
1316921166,4234
1316933955,4234
1316934813,4238
1316935604,4239
1316937915,4244
1316940471,4234
1316942469,4234
1316944648,4245
1316949191,4226
1316955040,4245
1316961410,4236
1316974678,4245
1316975485,4244
1316977812,4234
1316977861,4245
1316980352,4239
1316983695,4244
1316985120,4239
1316987654,4239
1326016759,2802
1326018946,4239
1326022039,4239
1326023789,4234
1326033218,4244
1326036625,4239
1326041922,4244
1326046673,4234
1326047119,4245
1326048844,4236
1326050170,4234
1326056839,4234
1326057167,4247
1326081290,4244
1326081787,4234
1326083601,4239
1326086653,4239
1326093345,4247
1326101924,4226
1326106527,4244
1326115577,4234
1326120700,4234
1326122433,4244
1326130733,4244
1326130741,4244
1326135435,4244
1326135443,4244
1326135450,4244
1326144536,2802
1326149907,4238
1326205212,4244
1326211665,4244
1326214438,4244
1326235219,4238
1326242199,4234
1326242975,4234
1326276676,4244
1326335001,4244
1326370867,4234
1326578634,4236
1326590506,2802
1336102755,4244
1336124874,4244
1336126358,4234
1336126887,4245
1336127638,4234
1336134501,4234
1336142363,4234
1336144245,4226
1336146042,4239
1336147685,4234
1336155530,4239
1336180280,4245
1336188457,4239
1336189521,4239
1336200385,4226
1336223452,4244
1336230424,4245
1336233683,4245
1336251842,4244
1336277300,4245
1336285873,4244
1336296136,4234
1336296144,4244
1336296169,4244
1336296292,4234
1336304286,4234
1336325653,4234
1336331719,4244
1336378058,4244
1336411313,4245
1336415819,4245
1336416189,4226
1336465228,2802
1336465699,4239
1336540475,4247
1336562479,4234
1346206893,4234
1346212602,2542
1346226503,4226
1346238656,2802
1346239498,4234
1346241130,4239
1346244324,4234
1346270014,4234
1346283975,4226
1346288966,4245
1346291952,4226
1346292257,4234
1346297371,4238
1346302155,4244
1346318433,4226
1346320330,4239
1346332756,4244
1346336385,4238
1346337458,4234
1346337482,4244
1346339710,4244
1346345154,4247
1346345881,4239
1346351194,4247
1346353299,4234
1346359460,4234
1346375003,4244
1346397130,4238
1346397155,4245
1346397205,4238
1346441326,4244
1346445665,2802
1346448032,4244
1346477221,4226
1346493038,4244
1346504529,4239
1346507423,4234
1346571411,4234
1346579562,4234
1346587946,4234
1346599206,4244
1346658028,4244
1346669777,4239
1346669819,4239
1346678125,4245
1356304984,4244
1356307722,4234
1356308779,4245
1356311831,4234
1356315063,2802
1356325237,4239
1356332068,4239
1356342018,4234
1356349963,4234
1356363444,4247
1356365928,4234
1356389597,4239
1356395990,4239
1356396717,4236
1356433783,4244
1356438469,2802
1356438493,4244
1356440796,4244
1356445712,4239
1356458384,4244
1356492342,4245
1356493944,4244
1356498224,4234
1356509202,4234
1356538904,4234
1356542336,4244
1356542369,4244
1356569941,4244
1356592778,2802
1356595839,4244
1356608517,4244
1356617567,2802
1356662506,4244
1356716831,4234
1356786669,4226
1366403230,4238
1366420424,2802
1366421497,4239
1366429151,4234
1366429813,4234
1366430001,2802
1366431710,4244
1366441891,4244
1366443285,4245
1366446171,4239
1366485328,4245
1366485997,4234
1366497273,4239
1366499261,4247
1366510794,4234
1366521924,4236
1366526469,4244
1366541302,4234
1366541799,4244
1366548471,4226
1366559536,4244
1366571523,4245
1366576688,4245
1366584989,4244
1366599151,4244
1366599235,4239
1366599243,4226
1366603607,4244
1366625147,4244
1366642415,2802
1366645020,2802
1366656597,2802
1366685174,4244
1366687600,2802
1366733396,4234
1366736845,2542
1366763591,4234
1366777864,4226
1366786428,4238
1366817611,4245
1366996332,4244
1376506337,4234
1376508374,4226
1376522045,4244
1376538207,4234
1376538272,4234
1376540328,4239
1376544767,2802
1376546481,4239
1376548727,4244
1376556688,4244
1376566604,4244
1376570010,4244
1376577635,4244
1376580613,2802
1376585174,4239
1376594143,4239
1376595900,4239
1376607259,4244
1376616771,4245
1376618397,4234
1376630475,4244
1376630491,4244
1376635052,4226
1376635706,4244
1376635789,4244
1376637215,4245
1376660175,4234
1376662718,4238
1376671735,4244
1376679860,4244
1376690255,4244
1376690263,2802
1376697391,4239
1376719286,4239
1376728212,4234
1376747931,4245
1376751602,4245
1376752980,4234
1376756742,4234
1376768218,4234
1376809590,2802
1376855650,4239
1376897785,4239
1376928986,4239
1376957522,4234
1376962100,4244
1376965129,4226
1376979583,4238
1386061117,2802
1386095891,4245
1386600906,4226
1386605970,4244
1386606705,4244
1386608768,4238
1386615540,4234
1386616167,4239
1386629780,4244
1386632586,4236
1386635274,4239
1386639219,4234
1386639938,4244
1386641256,4238
1386663144,4238
1386664456,4234
1386664662,4244
1386672335,4239
1386677227,4245
1386678191,2802
1386682318,4234
1386683118,4239
1386683407,4234
1386686004,4244
1386686137,4239
1386689636,4239
1386691368,4234
1386698058,4226
1386707446,4234
1386710051,4226
1386729085,4226
1386731404,4244
1386731412,4244
1386734069,4244
1386736718,4244
1386736791,4244
1386766194,4244
1386791267,4244
1386820413,4234
1386820546,4238
1386829950,4245
1386848869,4239
1386868776,4234
1386878957,2802
1386881662,4239
1386884427,4239
1386894947,4239
1386901536,4234
1386948461,4234
1386961076,4234
1386968295,4244
1386988376,4244
1396011102,4244
1396031589,4236
1396046694,4239
1396061156,4244
1396070827,4244
1396099917,2802
1396112108,4244
1396118717,4239
1396166922,4234
1396284642,4244
1396707923,4234
1396713715,4238
1396715645,4245
1396721106,4234
1396723185,4239
1396724076,2542
1396725511,4234
1396729091,4234
1396737177,2802
1396739140,4234
1396749750,4234
1396751749,4247
1396753356,4238
1396784971,4239
1396788360,4244
1396788931,4238
1396799979,4239
1396814620,4234
1396817433,4244
1396829404,4239
1396832168,4244
1396832424,4244
1396840476,4245
1396848271,4234
1396851788,4234
1396857090,4244
1396882205,4244
1396894788,4234
1396906657,4234
1396909255,4239
1396910600,4234
1396932463,4234
1396946372,4244
1396965034,4244
1396967493,4234
1396976361,4244
1396984852,4244
1396988960,4234
1407001795,2802
1407008162,4244
1407033632,4244
1407036841,2802
1407037815,4244
1407038680,4239
1407040769,4238
1407045230,4236
1407048424,4244
1407057946,4244
1407090236,4245
1407141302,4226
1407141773,4226
1407167810,4244
1407202625,4239
1407234735,4244
1407251705,4244
1407256910,4244
1407290901,4239
1407397987,4234
1407399702,4244
1407823354,4245
1407827306,4244
1407830102,4234
1407833825,4234
1407836356,4245
1407838931,4244
1407841430,4245
1407845423,4239
1407847858,4244
1407851074,4234
1407853898,4238
1407864069,4234
1407869647,2802
1407875958,4244
1407880016,4239
1407888357,2802
1407890593,4234
1407892516,4234
1407896749,4239
1407903370,4244
1407935075,4234
1407943517,4244
1407948821,4244
1407963903,4239
1417004375,4244
1417011008,4245
1417031535,4244
1417041138,4244
1417044520,4244
1417046806,2802
1417049826,4244
1417049834,4244
1417056854,4244
1417071671,4244
1417091257,4234
1417091463,4238
1417101858,2802
1417131715,4234
1417169319,4234
1417190711,4244
1417191453,4244
1417228321,4244
1417283987,4234
1417291550,4244
1417325804,4226
1417326091,4244
1417327446,4234
1417367335,4244
1417382151,4245
1417403130,4234
1417903378,4234
1417919218,4234
1417930512,4239
1417938846,4245
1417943762,4244
1417946203,4234
1417948076,4244
1417949637,4239
1417951278,4239
1417951302,4238
1417952581,4234
1417956830,4239
1417957606,4239
1417957689,4239
1417958695,4239
1417964628,4234
1417970831,4244
1417973249,4238
1417981523,4244
1417983214,4239
1417986688,4234
1417990367,4234
1417992397,4234
1417993528,4244
1417996117,4245
1417997990,4244
1427008416,4245
1427021658,4244
1427023605,4234
1427023894,4245
1427028695,4239
1427040021,4245
1427043645,4234
1427045897,4234
1427046622,4234
1427051432,4239
1427052224,4239
1427055326,4234
1427057330,4247
1427059419,4236
1427066489,4234
1427072198,4244
1427073451,2802
1427074210,4234
1427079946,4234
1427091503,4234
1427096130,4236
1427098912,4245
1427105386,4244
1427132521,4234
1427132547,4244
1427145549,4244
1427157866,4244
1427162619,4245
1427180868,2802
1427210020,4244
1427224278,4244
1427249481,4226
1427251859,4238
1427252105,4244
1427252915,4244
1427315472,4244
1427329911,4239
1427334176,4239
1427379270,4244
1427381896,4238
1427454099,4234
1427466705,4244
1437101524,4234
1437102852,4244
1437107265,4245
1437116977,4244
1437121092,4245
1437122280,2802
1437133139,4239
1437136827,4234
1437138641,4234
1437144656,2542
1437147626,4245
1437154002,4234
1437156270,4239
1437161221,4244
1437178787,4234
1437186087,4239
1437186418,4244
1437206232,4244
1437206307,4244
1437206315,4234
1437206323,4244
1437217197,4236
1437233541,4244
1437241858,4244
1437241866,4244
1437246568,4244
1437260296,4244
1437273661,4245
1437297066,4244
1437305000,4244
1437316106,4226
1437337763,4244
1437339884,4245
1437392917,4239
1437437126,2802
1437441847,4234
1437478781,4244
1437503562,4244
1437554318,4245
1437556180,4244
1437574696,4245
1437602984,4234
1447201967,4239
1447204961,4239
1447212964,4234
1447229935,4234
1447234141,4234
1447242565,4234
1447245725,4234
1447256490,4245
1447257274,4239
1447268024,4234
1447284864,2802
1447287081,4239
1447288055,4238
1447296959,4245
1447299698,4239
1447307251,4245
1447307301,4244
1447331590,4244
1447342860,4244
1447347570,4244
1447347588,4244
1447358395,4244
1447359872,4244
1447366075,4245
1447367586,4244
1447382221,4226
1447391677,4244
1447419577,4247
1447421359,4239
1447440177,4239
1447448121,2802
1447471198,4244
1447494711,4244
1447510755,2802
1447522479,4239
1447571658,4245
1447577119,4244
1447585955,4234
1447625892,4245
1447639398,2802
1447649942,2802
1447708060,4247
1447794755,4234
1457305716,2802
1457306565,4239
1457310286,2802
1457317257,2802
1457318404,4234
1457323610,4234
1457330649,4234
1457339707,4244
1457346132,4234
1457348765,4238
1457351165,4234
1457355257,4239
1457389967,4234
1457391229,4238
1457428195,4247
1457430613,4226
1457435562,4244
1457437782,4238
1457439739,4234
1457443889,4244
1457448557,4234
1457448573,4244
1457449993,4247
1457455693,4238
1457465668,4247
1457471641,4226
1457505810,4238
1457524464,4234
1457529992,2802
1457552432,4244
1457555930,4234
1457573206,4244
1457588832,4244
1457628265,4239
1457635310,4244
1457642522,4244
1457671760,4234
1457689069,4244
1457753162,4239
1457773194,4244
1457782781,4245
1457795239,4245
1467406314,4226
1467418087,4226
1467418871,2802
1467423491,2802
1467426494,4239
1467427955,4244
1467428680,4226
1467442210,4236
1467447664,4234
1467456228,4239
1467459917,4234
1467470955,4244
1467482802,4236
1467483164,4245
1467491019,4234
1467491670,4244
1467494591,4239
1467498279,4245
1467506576,2542
1467509315,4245
1467526723,4236
1467544874,4244
1467545541,4247
1467549501,4244
1467549568,4244
1467549899,4244
1467558221,2802
1467559328,4244
1467563965,4239
1467596080,4244
1467601815,4244
1467604140,2542
1467645903,4236
1467660852,4244
1467692673,4234
1467694489,4245
1467704643,4239
1467711770,4234
1467744151,4244
1467752758,4244
1467763458,4245
1467768499,4244
1467771675,4244
1467775841,4234
1467779017,4244
1467859132,4239
1467870857,4244
1467876805,4244
1467882548,4244
1477505261,4239
1477511830,4239
1477534238,4244
1477535409,2802
1477537173,4245
1477546448,4244
1477548154,4234
1477548675,4234
1477549491,4239
1477582534,4244
1477595106,4244
1477595593,4234
1477598712,4239
1477614949,4244
1477640589,4244
1477640597,4244
1477647220,4244
1477708386,4244
1477738052,4234
1477754992,2802
1477787067,4239
1477845808,4244
1477916344,4239
1477960680,4234
1487021663,4245
1487039038,4244
1487041513,4234
1487066254,4244
1487076030,4239
1487076352,4234
1487096459,2802
1487189221,4244
1487600698,4234
1487608964,2802
1487609467,4245
1487632857,4239
1487635777,4234
1487638185,4234
1487644522,4234
1487651352,4238
1487672291,4238
1487674016,4245
1487680237,4238
1487698361,4244
1487701280,4244
1487710893,4244
1487717955,4244
1487723342,4245
1487726709,4226
1487734927,4245
1487738597,4244
1487741583,4234
1487749446,4238
1487757605,4244
1487778635,4245
1487780268,4239
1487787974,4234
1487788188,4234
1487815148,4234
1487816948,4234
1487828257,4244
1487844833,4244
1487854311,4234
1487860920,4244
1487881041,4244
1487888558,2802
1487897146,4244
1487897187,4238
1487903985,4226
1487916318,4239
1487920138,4234
1487947396,4244
1487952958,4245
1487955134,4244
1497001051,4245
1497015861,4245
1497023444,4244
1497028104,4244
1497045223,4236
1497056337,4238
1497070932,4244
1497126403,4244
1497153639,4244
1497164727,4244
1497175632,4239
1497198543,4244
1497709752,2802
1497714794,4244
1497718712,4234
1497721526,4238
1497730899,4244
1497732762,4226
1497738462,4238
1497739817,4239
1497749568,4234
1497752489,4234
1497757058,4244
1497758445,4236
1497772198,2802
1497785992,2802
1497789556,4239
1497791602,4234
1497793731,4239
1497795256,4245
1497795454,2802
1497802219,4244
1497802292,4244
1497802961,4234
1497839518,4244
1497847800,4244
1497850945,4244
1497893556,4234
1497982003,4234
1497998645,4244
1508008053,4226
1508024415,4244
1508039751,4244
1508060872,4244
1508064890,4226
1508139593,4239
1508155334,4244
1508162942,4234
1508171125,4247
1508271958,4234
1508285594,4245
1508804337,4239
1508805862,4239
1508809575,4245
1508821026,4238
1508830407,4234
1508838400,4245
1508839622,4244
1508853342,4234
1508854043,4234
1508862939,4234
1508863929,4239
1508863937,4238
1508884875,4234
1508890286,4239
1508892688,4239
1508913302,4244
1508914078,4244
1508916586,4245
1508935776,4245
1508940602,4244
1508953613,4244
1508969825,2802
1518014323,4234
1518039031,4244
1518041623,4244
1518041631,4244
1518054626,4244
1518059930,4244
1518066950,4244
1518068832,4244
1518078039,4238
1518122613,4239
1518126960,4244
1518138346,4244
1518143122,4238
1518143551,4244
1518155225,4244
1518161009,2542
1518178441,4239
1518198787,2542
1518201490,2802
1518264969,4226
1518328756,4234
1518335223,4247
1518360825,4234
1518360874,4247
1518412105,4236
1518914050,4234
1518918143,4226
1518919000,2802
1518919224,4239
1518945195,4244
1518946102,2542
1518952852,4234
1518958370,4244
1518959311,4244
1518976315,4245
1518984517,4234
1518988369,4245
1518992940,4244
1528005097,4236
1528005667,4239
1528009149,4245
1528014024,4244
1528022019,4234
1528025715,4244
1528030541,4234
1528030616,4234
1528034675,4244
1528038676,4234
1528045879,4245
1528046109,4244
1528048485,4245
1528050671,4239
1528051448,4234
1528058252,4236
1528061629,4234
1528065018,4239
1528090925,4247
1528105616,2802
1528109832,4244
1528115409,4239
1528115482,2542
1528122595,4244
1528155132,4238
1528155637,4244
1528155645,4244
1528155652,4244
1528155660,4244
1528174752,4244
1528203163,2802
1528205036,4238
1528212156,4244
1528250115,4226
1528271574,4234
1528286606,4239
1528295607,4244
1528319456,4234
1528321163,4244
1528340619,4236
1528354214,4244
1528361490,4239
1528404944,4239
1528420874,4244
1528452067,4245
1528466083,4234
1528487113,4239
1528487550,4244
1538103692,4239
1538104526,4234
1538105242,4234
1538107206,4226
1538109103,4239
1538110317,4239
1538112495,4239
1538112602,4239
1538114434,4245
1538123716,4244
1538132188,4239
1538146568,4234
1538147319,4234
1538148861,2802
1538150156,4239
1538150289,4239
1538153556,4226
1538155858,4244
1538157219,4238
1538158340,4244
1538166087,4239
1538172077,4234
1538189444,4244
1538216403,4226
1538243639,4244
1538243647,4244
1538256649,4244
1538256672,4244
1538268974,4244
1538275029,4245
1538302039,4234
1538305669,4239
1538324496,4239
1538327911,4244
1538360508,4244
1538363023,4239
1538370812,4245
1538385091,4234
1538463617,4234
1538480603,2802
1538488648,4244
1538527411,4226
1538527510,4244
1538566260,4244
1538590070,4245
1538615422,4226
1538617923,4226
1548202195,4234
1548225444,4226
1548227416,4234
1548245285,4226
1548247885,2802
1548249188,4238
1548251705,4247
1548259864,4234
1548260847,4234
1548275209,4244
1548302789,4245
1548317498,4238
1548339369,4244
1548344658,4244
1548352966,4244
1548352974,4244
1548355936,4245
1548357684,4238
1548366222,4247
1548369861,4244
1548378805,4238
1548395320,2802
1548425549,4244
1548430291,4239
1548437437,4244
1548447840,4239
1548457229,4239
1548460066,4244
1548464027,4244
1548478936,4238
1548485071,4238
1548517477,4245
1548557150,4226
1548571052,4245
1548604044,4239
1548605744,4239
1548632821,4244
1548663230,4245
1548704547,4239
1548715147,4239
1558306217,4244
1558306357,4247
1558309971,4239
1558310367,4226
1558315168,4239
1558343830,2802
1558345256,4245
1558348052,4244
1558353185,4234
1558355941,4245
1558357012,4238
1558359224,4244
1558361816,4238
1558384099,4234
1558386771,4247
1558408633,4244
1558418368,4244
1558418418,4239
1558420299,4244
1558424671,4234
1558445668,4244
1558448423,2802
1558458661,4244
1558458687,4244
1558461970,4234
1558479170,2802
1558515437,4244
1558538751,4244
1558541565,4234
1558559393,2802
1558565036,4234
1558565093,4244
1558570895,4244
1558592519,4244
1558607051,4244
1558620864,4244
1558648873,2802
1558652388,4244
1558653923,4226
1558671511,4244
1558680686,4234
1558682336,4244
1558697565,4244
1558723270,4245
1558739565,4239
1558780627,4244
1558796342,4234
1558797415,4245
1568406411,4239
1568406783,2802
1568410363,4234
1568415164,4234
1568416857,2802
1568417772,4239
1568435808,4234
1568448736,4245
1568453207,4234
1568455517,4226
1568459873,4247
1568460640,4234
1568461424,4238
1568464782,4244
1568465623,4244
1568466480,4247
1568492049,4234
1568493062,4234
1568513075,4247
1568519353,4244
1568530822,4244
1568531317,4244
1568546679,4244
1568549624,4236
1568551455,2542
1568559672,4244
1568559680,4244
1568559698,4244
1568568319,2802
1568576825,4247
1568584126,4244
1568597102,4239
1568623973,4238
1568629194,4245
1568663441,2542
1568697522,4244
1568699411,4226
1568701662,4245
1568736650,4245
1568776235,4234
1568784205,4239
1568788974,4244
1568856862,4234
1578501607,4226
1578501904,4234
1578503280,2802
1578510418,4234
1578513958,4245
1578523809,4234
1578528717,4238
1578530796,2542
1578531174,4226
1578531851,4226
1578533535,4234
1578541439,4226
1578544110,4226
1578550059,4238
1578551917,2802
1578557690,2802
1578567210,4239
1578597704,4238
1578597902,4234
1578604906,4239
1578610390,4244
1578610457,4234
1578615522,4245
1578621785,4247
1578639951,4234
1578644357,2802
1578647681,4244
1578650602,4244
1578650685,4244
1578655791,4244
1578665188,4234
1578670386,4234
1578677274,4234
1578692695,4234
1578696423,4245
1578706701,4245
1578728283,2542
1578761375,4244
1578766697,4234
1578769709,4244
1578781738,4234
1578790796,4244
1578820627,4234
1578857017,4226
1578873246,4244
1578882171,2802
1578903563,4247
1578928198,4244
1578961520,4244
1578983508,4245
1578998886,2802
1588047583,4239
1588117824,4234
1588197701,2802
1588606347,4239
1588618300,4244
1588621031,4234
1588632178,4247
1588646319,4244
1588655021,4239
1588655153,4239
1588655377,4234
1588656664,4247
1588662225,4239
1588662274,4234
1588664544,4239
1588684104,4245
1588684849,4226
1588691083,4234
1588694459,4234
1588738744,4245
1588760938,4226
1588777445,4226
1588779698,4234
1588788301,4234
1588789044,4239
1588807168,4244
1588807416,4239
1588807606,4239
1588816748,4236
1588822803,4244
1588856041,4226
1588861207,4245
1588868681,4234
1588899082,4234
1588899215,4244
1588928980,2802
1588984660,4234
1588986319,4244
1588998371,4245
1598021073,4239
1598035982,4244
1598054090,4244
1598057572,4234
1598059545,4234
1598069551,4239
1598083578,4234
1598084089,4244
1598158560,4247
1598179343,4244
1598194847,4236
1598213670,4226
1598710204,4239
1598718330,4247
1598719536,4239
1598723645,4234
1598728263,4239
1598735532,4239
1598736266,2802
1598743023,4245
1598743031,4245
1598745440,4244
1598749152,4234
1598750523,4244
1598750697,4234
1598751810,4226
1598753758,4234
1598758716,4244
1598764078,4238
1598773889,4226
1598784183,4239
1598791790,4238
1598792343,2802
1598812455,4239
1598833808,4244
1598852600,4234
1598852618,4244
1598862591,4239
1598863011,4244
1598871642,4239
1598887473,2802
1598901241,4247
1598908022,4245
1598917452,4236
1598926248,4238
1598938060,4244
1598973273,2802
1609011006,4244
1609014489,4234
1609047760,4239
1609052554,2542
1609073626,4247
1609079003,4244
1609083963,4244
1609088731,4244
1609107838,4244
1609127950,4234
1609138916,4244
1609142967,4245
1609188622,4244
1609189216,4234
1609218726,4245
1609231679,4226
1609233022,4239
1609302884,4234
1609318682,4226
1609327659,4234
1609810274,4247
1609824838,4244
1609831916,4234
1609838499,4234
1609840131,4234
1609844489,2802
1609844778,4234
1609848563,4238
1609848738,4239
1609860634,4244
1609862945,4245
1609873264,4234
1609878586,4239
1609898808,4239
1609935329,4234
1609950716,4244
1609952654,4244
1609963727,4244
1609968015,4244
1609968957,4234
1609969955,4238
1609970797,4239
1609981661,4244
1619004066,4244
1619026614,4226
1619062643,4244
1619064714,4244
1619064722,4244
1619064730,4244
1619064755,4244
1619065869,4239
1619069044,4244
1619075207,4239
1619160884,4244
1619171105,4244
1619171279,4234
1619171709,2802
1619192622,2542
1619199486,4244
1619253408,4244
1619254141,4239
1619269008,4239
1619271160,4245
1619291242,4245
1619295060,4238
1619295607,4239
1619332400,4245
1619335866,4226
1619343498,4239
1619385952,4247
1619392032,4239
1619392826,4244
1619393311,4244
1619397957,4226
1619399540,4234
1619904596,4239
1619906856,2802
1619914355,4244
1619916970,4239
1619918174,4244
1619936309,4239
1619945292,4247
1619956539,2802
1619959954,4244
1619964111,4238
1619969482,2802
1619978822,4234
1629005632,4244
1629025648,4239
1629025812,4247
1629040522,4245
1629052378,4239
1629060330,4234
1629063854,4234
1629068556,4244
1629073218,4238
1629080973,4244
1629082888,4244
1629094438,4245
1629116843,4226
1629130117,4244
1629146550,4239
1629150941,4226
1629152723,4244
1629160056,4244
1629165733,4244
1629165766,4244
1629176573,4244
1629177050,4244
1629182803,4245
1629202593,4234
1629212725,4234
1629221692,4247
1629236567,4244
1629236708,4234
1629249891,4239
1629285747,4234
1629321161,4244
1629337688,4247
1629349147,4226
1629393004,4239
1629397047,4244
1629421623,4234
1629465133,4226
1629489679,4234
1639103765,4244
1639107873,4234
1639112048,4234
1639113194,4245
1639113509,4234
1639116379,4234
1639125560,4236
1639140585,4239
1639147465,4234
1639149792,4239
1639151400,2802
1639155716,4244
1639169386,4234
1639180177,4244
1639180599,4244
1639186349,4239
1639199649,4244
1639201130,4239
1639226517,4244
1639226582,4234
1639249774,4234
1639261068,4244
1639263973,4244
1639266737,4244
1639266745,4244
1639275589,2802
1639278062,4244
1639290745,4244
1639311657,4244
1639314776,4239
1639343346,4244
1639344674,4244
1639360688,4244
1639362171,4244
1639374408,4245
1639400252,4244
1639403645,4234
1639470180,4244
1639477151,4244
1639490659,4244
1639497779,4236
1639499387,4245
1639547052,2802
1639565575,4244
1639579485,4226
1639598964,4244
1649206715,4234
1649212598,2542
1649215203,4239
1649218819,4239
1649219742,4239
1649225137,2802
1649226770,4238
1649256553,4239
1649262338,4239
1649263708,4234
1649271206,4247
1649271271,4239
1649274515,4239
1649278474,4239
1649292160,4226
1649293390,2802
1649320953,2802
1649327446,4244
1649327537,4244
1649333931,4239
1649340225,4226
1649362054,4244
1649362062,4244
1649367749,4244
1649367764,4244
1649367772,4244
1649368366,4244
1649373739,4245
1649386467,2802
1649407867,4244
1649426016,2802
1649432246,4234
1649471780,4245
1649480237,4236
1649481938,4239
1649532821,4239
1649533621,2802
1649566258,4239
1649576257,4234
1649584962,4247
1649655531,4226
1649718230,4239
1659314698,4245
1659331924,4234
1659336477,4245
1659342384,4239
1659362002,4244
1659370211,4238
1659375228,4239
1659425940,4244
1659428456,4244
1659428472,4244
1659428548,4245
1659460699,4244
1659463206,4226
1659463958,4239
1659466381,4244
1659469930,4244
1659473452,2802
1659474336,4244
1659508190,4244
1659514354,4244
1659514552,4244
1659530194,4244
1659532646,4244
1659541969,4226
1659568889,4226
1659588929,2802
1659592236,4234
1659594406,4239
1659606010,4239
1659606788,4239
1659619161,4226
1659631299,4226
1659678043,4244
1659679884,4244
1659692150,4226
1659710077,4239
1659714798,4234
1659788750,4226
1659796472,4239
1659799559,4234
1669405130,4234
1669415626,4245
1669421814,4226
1669428603,4226
1669433090,4238
1669443875,4234
1669445813,4234
1669453098,4226
1669462214,4244
1669468708,4236
1669470555,4247
1669473716,4244
1669475927,4244
1669529525,4244
1669529616,4244
1669554556,4244
1669556148,4234
1669563920,4234
1669567897,4245
1669590584,2542
1669606992,4236
1669615639,4244
1669631966,4244
1669642518,4236
1669657763,4244
1669665105,4234
1669672606,4244
1669678116,4239
1669678363,4247
1669712832,4244
1669718300,4239
1669729497,4244
1669762027,4239
1669763900,4245
1669770459,4234
1669785960,4244
1669786000,4234
1669861225,4244
1679502900,4245
1679504765,4245
1679511554,4244
1679515431,4239
1679521090,4239
1679534309,4234
1679534671,4234
1679539886,4234
1679546717,4234
1679557565,4245
1679558738,4245
1679568364,4234
1679570162,4239
1679571129,4239
1679574180,4247
1679576839,4239
1679580294,4234
1679585822,4244
1679620470,4239
1679620561,4244
1679644769,4245
1679657787,4244
1679663785,4234
1679665095,4238
1679667521,4245
1679667877,4245
1679672000,4244
1679689285,4245
1679693931,4244
1679703227,2802
1679714505,2802
1679787881,4226
1679794549,4244
1679804678,4234
1679827570,4244
1679832661,4245
1679832950,2542
1679836936,4239
1679890628,4245
1679909766,4234
1679931927,4234
1689079865,4236
1689101503,4226
1689616294,4234
1689617433,4234
1689623167,4244
1689647489,4234
1689653461,2542
1689656910,4234
1689662991,4239
1689671802,4245
1689677619,4236
1689686503,4244
1689694887,2802
1689764383,4244
1689784555,4226
1689820912,4226
1689835282,4244
1689841744,4244
1689852634,4239
1689858201,4239
1689875130,4234
1689891889,4226
1689919045,4239
1689960957,4234
1689974420,4234
1689978306,4244
1699012880,4245
1699062364,4245
1699088096,4239
1699099663,4244
1699149856,2802
1699171124,4244
1699171967,2802
1699194688,4244
1699705855,4247
1699710426,4234
1699722371,4244
1699734095,4245
1699734798,4238
1699737056,4234
1699752493,4234
1699756551,2802
1699756825,4244
1699760587,4234
1699767764,4234
1699770016,4245
1699772269,4239
1699773150,4239
1699773721,4244
1699775304,4244
1699781252,4244
1699792168,4244
1699822486,4244
1699824821,4244
1699834903,4245
1699859702,4244
1699859710,4234
1699859793,4244
1699861559,4234
1699862714,4244
1699887356,4244
1699907766,4239
1699930818,4244
1699947184,4244
1699947655,4244
1699950634,4234
1699959866,4245
1699963694,4244
1700029493,4234
1700045416,4247
1700055043,4244
1700080298,4244
1700105319,4244
1700123015,4244
1700162450,4239
1700213691,4226
1700231644,4239
1700259421,4244
1700267366,4234
1700802584,4244
1700802618,4238
1700810371,4245
1700813276,4238
1700813508,2802
1700818879,4234
1700823713,2802
1700825940,4239
1700827763,4239
1700839263,4239
1700845955,4226
1700846334,2802
1700856994,4239
1700860988,4244
1700871191,4226
1700872942,4239
1700889813,4236
1700892924,4234
1700933504,4244
1700933678,4244
1700959871,4234
1700973823,4244
1700978129,4244
1700982691,4244
1700984655,4244
1710008651,4234
1710025671,4244
1710032255,4234
1710034533,4244
1710058136,4226
1710074828,4245
1710074851,4244
1710086145,4244
1710086152,4244
1710095369,4234
1710097761,4234
1710100656,4239
1710115159,4244
1710118682,4234
1710150008,4244
1710177092,4244
1710177654,4244
1710184130,4234
1710207436,4234
1710212170,4226
1710216122,4244
1710345640,4234
1710394705,4239
1710914148,4239
1710926357,4234
1710932017,4238
1710932785,4244
1710934989,4245
1710939939,4234
1710943519,4234
1710951512,4244
1710955034,4226
1710966247,4247
1710967294,4239
1710968037,4234
1710970827,4234
1710975248,4234
1710982376,4234
1710984182,4245
1710986153,4234
1710988407,4234
1710998760,4244
1720020761,4226
1720029101,4245
1720032345,4234
1720034127,4245
1720036106,4244
1720053176,4234
1720059397,4247
1720070949,4226
1720077761,4234
1720077910,4238
1720079114,4234
1720079478,4245
1720081821,4236
1720084601,4244
1720087307,4234
1720089741,4234
1720129349,4234
1720134521,4234
1720144454,4239
1720146673,4244
1720148539,4244
1720158868,4234
1720159700,4244
1720162829,4244
1720171796,4244
1720175821,4244
1720175854,4244
1720181738,4234
1720186679,4244
1720189681,4244
1720203417,4244
1720221831,4244
1720233075,2802
1720241185,4239
1720241318,4245
1720245301,4234
1720280373,4244
1720282205,4244
1720284086,4244
1720286487,4234
1720289705,4244
1720289796,4244
1720303498,2802
1720317357,4234
1720318991,4234
1720326200,4226
1720332174,4244
1720339062,4244
1720340193,4234
1720344252,4244
1720344625,4244
1720372170,4244
1720381270,4234
1720385156,4236
1720405517,4244
1720418437,4244
1720493927,4245
1730102278,2802
1730111642,4234
1730113440,4245
1730114315,4245
1730115809,4244
1730126574,4234
1730134990,4245
1730145285,2802
1730145640,4239
1730152059,4244
1730156720,4234
1730169954,4234
1730176090,4239
1730180613,4239
1730181090,4234
1730189507,4244
1730224320,4234
1730236621,4234
1730241084,4247
1730251653,4244
1730276874,4244
1730292913,2802
1730295742,4244
1730320292,4234
1730322389,4238
1730352428,4244
1730354697,4244
1730392259,4234
1730416249,2802
1730427337,4239
1730429812,4244
1730442484,4234
1730474321,4239
1730478413,4244
1730483595,4244
1730490475,4234
1730503715,4234
1730597840,4245
1740214154,4244
1740216985,2802
1740235415,4238
1740241611,4234
1740243054,4236
1740252642,4234
1740257989,4234
1740258011,4226
1740262104,4239
1740266832,4239
1740271170,4239
1740271402,4239
1740275221,4239
1740276724,4226
1740279660,4239
1740285410,4239
1740288810,4247
1740301712,4234
1740311521,4245
1740326495,4245
1740337609,4244
1740337633,4234
1740366756,4244
1740372150,4244
1740377845,4244
1740377852,4244
1740384320,4236
1740385483,4245
1740449412,4244
1740470384,4244
1740484237,4245
1740531714,4234
1740571116,2802
1740633593,4239
1740649870,4234
1750300356,4239
1750309845,4245
1750320966,4238
1750322343,4234
1750324315,4226
1750327052,4238
1750329926,4244
1750338539,2542
1750354221,4234
1750366050,2802
1750368403,2802
1750376786,4239
1750379012,4239
1750380291,4239
1750382727,4238
1750384780,4236
1750389607,4247
1750390530,4234
1750394060,4244
1750410452,4234
1750415691,4245
1750444139,4245
1750465860,4244
1750480182,4244
1750494969,4226
1750524260,4234
1750524856,4236
1750524930,4244
1750528642,4234
1750555710,4234
1750562328,4244
1750565198,4244
1750567517,4234
1750570115,2802
1750584710,4234
1750608113,4236
1750616033,4234
1750621579,4226
1750631131,4244
1750666947,4244
1750673083,4234
1750687422,4247
1750692042,4234
1750701900,4239
1750750790,4226
1750750873,4244
1750771556,4234
1750771564,4239
1750796447,4234
1760405500,4247
1760414429,4245
1760425300,4234
1760425748,4245
1760450241,4247
1760451504,4238
1760452932,4238
1760460208,4245
1760461453,4244
1760470421,4238
1760473987,4234
1760475396,4239
1760478192,4234
1760484760,4234
1760524391,4238
1760539563,4244
1760551550,4244
1760579874,4244
1760591788,4238
1760643803,4244
1760655922,4244
1760660302,4244
1760672026,4239
1760705065,4244
1760749030,4244
1760762348,4234
1760773956,4244
1760832661,4226
1760894901,4236
1760932610,4244
1770028656,4226
1770036550,4244
1770514796,4244
1770515207,4244
1770518656,4239
1770519704,4239
1770520520,4244
1770521502,4239
1770521577,2802
1770525107,2802
1770538738,4234
1770539017,2542
1770554941,4238
1770557159,4244
1770567471,4244
1770578882,4238
1770579898,4238
1770582140,4239
1770586745,4236
1770594079,4226
1770596538,2802
1770625972,4239
1770634412,4234
1770639619,2802
1770640187,4239
1770644973,4245
1770652109,4226
1770670887,4244
1770670895,4244
1770682114,4244
1770711657,4244
1770725905,4244
1770745432,4244
1770750580,4244
1770760324,4244
1770774754,4234
1770783664,4244
1770811424,2802
1770827354,4244
1770828071,4239
1770842759,4239
1770863565,4234
1770882367,4247
1770958480,2802
1770979957,4244
1770986515,4244
1780002972,4234
1780013862,4234
1780023713,4239
1780045138,4239
1780095257,4244
1780628776,4234
1780629915,4234
1780662221,4234
1780667006,4245
1780676932,4239
1780681528,4239
1780683631,4239
1780685701,4244
1780685743,4247
1780687830,4236
1780731661,4234
1780740571,4244
1780750331,4236
1780753509,4226
1780764779,4244
1780768887,4244
1780768895,4244
1780776104,4244
1780778969,4239
1780804336,4244
1780812289,4244
1780819375,2802
1780832899,4245
1780839209,4244
1780848010,4234
1780848226,4226
1780866335,4244
1780919639,4244
1780921767,4244
1780936583,4234
1780944405,4239
1780965731,4245
1780969923,4236
1780989491,4244
1780994459,4244
1780996546,4234
1790069938,4244
1790071173,4236
1790074540,4244
1790075505,4234
1790078178,4244
1790103398,4234
1790160281,4234
1790163061,4234
1790192797,4234
1790237709,4234
1790702363,2802
1790705838,4244
1790708097,4247
1790710374,4234
1790723013,4239
1790729887,4239
1790730448,4234
1790735454,4245
1790736650,4234
1790736759,4244
1790738839,2802
1790753259,4247
1790757078,4244
1790757755,4247
1790757821,4234
1790758514,2802
1790762219,4234
1790766319,4234
1790766590,2802
1790770378,4245
1790776672,4234
1790786887,4239
1790797595,4244
1790833267,4234
1790850600,4244
1790865756,4244
1790869808,4244
1790872810,4244
1790872828,4244
1790873339,4234
1790881829,4226
1790884138,4244
1790891315,4245
1790899078,4234
1790906360,2802
1790909257,2802
1790949485,4234
1790958593,4239
1790969046,4244
1801007596,2802
1801016100,4244
1801017116,4234
1801030523,4234
1801033311,4236
1801048343,4244
1801068010,4226
1801086665,4244
1801095575,2802
1801114079,4244
1801116850,2542
1801186242,4244
1801189329,4244
1801192588,4234
1801194691,4245
1801249065,4244
1801263199,4236
1801272257,4245
1801278221,4234
1801820519,4234
1801821343,4244
1801829114,4234
1801849062,4226
1801866199,4245
1801866686,4244
1801874482,4244
1801878905,4234
1801880737,4234
1801888060,4239
1801888680,4234
1801894142,4234
1801894431,4245
1801943600,4234
1801955596,4238
1801973490,4234
1801975123,4239
1801983945,4244
1801988217,4244
1801993563,4226
1801994751,4244
1801995238,4244
1801995246,4244
1801996012,4239
1811007974,4244
1811044704,4244
1811044787,4234
1811071780,4244
1811071921,4244
1811077712,4234
1811084916,4238
1811089238,4244
1811095763,4244
1811104003,4245
1811138621,4234
1811158942,2802
1811200033,4236
1811207517,4244
1811208663,4244
1811258213,4239
1811258619,4244
1811282056,4244
1811287204,4236
1811307036,4245
1811315716,4244
1811325012,4234
1811372717,4239
1811393788,4245
1811395643,4244
1811900095,4226
1811905409,4247
1811911449,4239
1811924376,4244
1811928385,4244
1811935612,2542
1811935711,4239
1811984750,4239
1811985815,2802
1811991680,4239
1811996317,4234
1821009721,4226
1821046459,4234
1821053703,4245
1821057076,4226
1821060435,4244
1821060526,4234
1821066341,4236
1821068040,4226
1821069501,4245
1821083973,4234
1821085135,4245
1821095738,4234
1821101411,4244
1821109893,4244
1821110933,4244
1821145624,4234
1821172735,4244
1821172933,4244
1821173840,4226
1821180241,4244
1821180258,4244
1821185935,4244
1821185968,4244
1821198029,4226
1821206962,4234
1821218561,4244
1821256751,4238
1821257049,4236
1821257502,4226
1821269465,4234
1821281361,4244
1821284654,4234
1821302597,4244
1821309873,4244
1821327917,4234
1821328097,4236
1821329657,4244
1821332933,4244
1821357682,4244
1821388968,4244
1821427808,4239
1831101708,4244
1831117357,4244
1831121011,4244
1831122860,2802
1831123488,4245
1831130194,4234
1831139799,4239
1831143460,2802
1831149152,4239
1831153147,4245
1831156140,4239
1831164268,4239
1831169069,4236
1831172618,4244
1831179951,4226
1831181957,4226
1831186188,2542
1831192087,4244
1831196906,4226
1831247279,4234
1831269406,2802
1831277755,4245
1831281245,4238
1831287630,2802
1831289255,4239
1831298264,4244
1831324649,4244
1831345669,4226
1831435817,4239
1831489863,4244
1831496686,4244
1831510296,4239
1831561240,4234
1831591627,4244
1831594183,4234
1841201886,4238
1841215514,4238
1841219938,4234
1841220563,4244
1841225661,2802
1841226792,2802
1841233483,2542
1841237450,4239
1841255346,4234
1841266582,4234
1841274404,4234
1841278157,2542
1841278777,4245
1841295672,4226
1841331279,4239
1841347648,4244
1841347705,4244
1841347721,4244
1841358363,4234
1841360930,2802
1841387941,4239
1841387974,4244
1841403482,4244
1841406063,4239
1841418860,4239
1841433406,4244
1841483385,4244
1841487469,4238
1841491206,4226
1841498011,4244
1841539186,2802
1841553617,4244
1841562345,2802
1841572922,4234
1841581410,4245
1841581741,4245
1841625423,4234
1841694346,4239
1841748423,4239
1851303788,4244
1851318562,4244
1851329445,4238
1851336036,4238
1851339634,4238
1851345755,4234
1851352009,4234
1851354104,2802
1851362628,2802
1851382279,4239
1851382568,4238
1851382618,4238
1851384747,4226
1851392419,4234
1851398077,4234
1851431183,4247
1851443063,4244
1851445035,4244
1851459226,4244
1851474092,4234
1851475966,4244
1851478747,4234
1851483267,4244
1851483275,4244
1851488985,4244
1851490288,4244
1851520993,4239
1851530588,4244
1851538748,4239
1851540223,4238
1851549240,4238
1851554836,4234
1851563019,4245
1851592836,4244
1851607063,4244
1851612568,4244
1851617021,4244
1851618516,4239
1851648224,4244
1851677157,4226
1851679641,4244
1851682348,4244
1851688865,4234
1851697361,4244
1851712715,4234
1851713267,4244
1851768592,4234
1851795355,4239
1851835300,4244
1851848410,4244
1861405409,2802
1861417644,4245
1861420101,4238
1861429854,4244
1861430621,4239
1861437063,4245
1861445934,4226
1861452138,4234
1861452195,4247
1861455040,4245
1861462210,4238
1861464430,4234
1861478026,4226
1861479545,4226
1861482259,4234
1861485039,4245
1861488777,4239
1861541351,4245
1861549727,4245
1861560492,4239
1861576977,4244
1861589970,4239
1861589988,4244
1861591208,4244
1861609331,4234
1861639031,4226
1861639742,4247
1861655987,4244
1861668907,4234
1861683781,4226
1861728909,4247
1861741712,4234
1861782831,4244
1861881468,4239
1861889305,4234
1861890659,4244
1861899304,2802
1871029587,4244
1871521922,4238
1871529982,4226
1871530832,4236
1871532333,4236
1871539502,4234
1871544924,4244
1871548818,4234
1871559278,4245
1871565457,4245
1871565465,4245
1871574764,4244
1871577445,4244
1871579409,4245
1871584532,4239
1871589473,4247
1871590810,4234
1871597435,2802
1871614370,4234
1871634204,4244
1871634295,4244
1871640755,4244
1871644781,4238
1871677971,4244
1871677989,4244
1871680983,4244
1871680991,4244
1871685297,4244
1871685743,4239
1871696096,4245
1871730812,4234
1871730945,4239
1871733725,4226
1871754515,4226
1871762096,4234
1871770123,4234
1871792838,4244
1871796466,4244
1871797019,2802
1871859819,4245
1871898502,4244
1871899096,4244
1871917898,4244
1871937326,4239
1881009769,4244
1881037240,4244
1881041846,4234
1881619609,2542
1881623668,4244
1881624450,2802
1881626778,2802
1881638179,4239
1881638971,4239
1881639136,4239
1881644763,4247
1881646073,4247
1881647741,2802
1881673093,4234
1881679850,4245
1881682532,4244
1881690766,4244
1881691749,4236
1881691780,4234
1881732238,4244
1881734119,4245
1881739068,4244
1881781904,4244
1881781912,4247
1881781995,4244
1881795847,4239
1881803492,4245
1881836856,4234
1881851483,4226
1881856078,2802
1881899318,4234
1881933430,4244
1881934610,4236
1881950715,4244
1881991206,4239
1891005856,4234
1891011896,4244
1891012696,4234
1891016788,4244
1891043956,4244
1891054144,4239
1891065777,4234
1891112199,4234
1891114443,4244
1891132767,2542
1891152138,4244
1891192787,4236
1891198578,4245
1891708012,4226
1891725479,4236
1891726303,4245
1891726709,4245
1891733671,4234
1891736872,4244
1891738225,4238
1891741435,4245
1891742904,4234
1891763330,4247
1891765970,4239
1891767794,4245
1891768222,2802
1891773057,4226
1891780896,4245
1891782454,4238
1891788840,4226
1891791109,4239
1891792602,4244
1891794566,4244
1891813838,4244
1891836920,4234
1891842779,4244
1891842787,4244
1891843975,4244
1891848735,4226
1891861506,4245
1891879904,4244
1891882908,4244
1891882999,4244
1891887204,4244
1891887212,4244
1891887220,4244
1891887659,4226
1891927208,4244
1891929196,4226
1891950168,4244
1891951570,4244
1891960779,4244
1891963591,4239
1891996872,4244
1902002538,4244
1902004005,4239
1902007107,4234
1902013410,4234
1902015019,4245
1902031610,4234
1902035371,4226
1902049893,4244
1902062391,2802
1902075500,2802
1902078249,4239
1902099443,4234
1902145972,4244
1902149123,4236
1902162431,4239
1902165210,4234
1902192008,4244
1902196165,4226
1902202682,4244
1902224041,2802
1902240856,4244
1902295983,4247
1902340599,4244
1902802523,4244
1902809098,4234
1902812571,4234
1902823099,4245
1902823859,4234
1902833940,2802
1902836307,4239
1902838188,4244
1902840044,4245
1902842412,4234
1902844954,4234
1902845118,4239
1902853856,2802
1902858574,4245
1902899677,4234
1902953706,4239
1902953870,4244
1902954779,4244
1902991177,4236
1902993009,4244
1902998321,4244
1912016650,4244
1912027491,4239
1912060468,4226
1912060906,4244
1912094020,4244
1912094038,4239
1912099326,4244
1912099334,4244
1912099342,4244
1912101494,4234
1912115197,2802
1912138439,4244
1912156696,4247
1912166752,4226
1912170226,4239
1912171539,4236
1912180282,4244
1912198649,4244
1912219296,4226
1912223926,4244
1912237041,4244
1912245515,4238
1912279852,4234
1912283482,4234
1912290859,4234
1912325150,2802
1912356536,2802
1912910142,4234
1912914862,4244
1912939406,4245
1912947318,4239
1912953555,4239
1912954231,4239
1912956921,4239
1912959537,4244
1912970021,4239
1912975988,4234
1912977430,4234
1912979501,4245
1912982513,4234
1912984758,4234
1912989989,4247
1922045137,4239
1922048883,4234
1922070713,4239
1922074723,4244
1922079771,4247
1922084102,4245
1922091180,4226
1922092535,4234
1922095231,4239
1922107358,4244
1922155811,4244
1922182039,4244
1922195056,4244
1922209907,4244
1922241041,4244
1922241959,4234
1922251982,4244
1922271584,4244
1922278126,2802
1922280692,4236
1922285337,4239
1922296144,4244
1922297019,4226
1922319037,4247
1922325901,4234
1922338110,4239
1922366442,4245
1922390426,4239
1922394840,4234
1922424761,4234
1922427301,4244
1922451368,4234
1932102001,4239
1932102670,4236
1932104528,4239
1932128782,4239
1932139474,4238
1932140951,4226
1932144367,4226
1932146032,4234
1932179389,4234
1932179876,4239
1932180007,4244
1932180841,4238
1932183779,4234
1932185766,4244
1932188554,4226
1932190360,4234
1932194966,4234
1932196946,4247
1932205150,2802
1932208360,4244
1932236247,4239
1932274503,4234
1932279429,4245
1932283041,4244
1932296035,4244
1932296043,4244
1932321395,4244
1932331550,4239
1932336393,4226
1932372505,4239
1932374485,4244
1932375565,4244
1932381795,4244
1932395480,4244
1932439957,4234
1932442274,4244
1932477171,4238
1942201934,4238
1942203120,4239
1942203849,4238
1942203963,4239
1942210877,4244
1942226519,4239
1942245683,4244
1942248414,4234
1942249206,4245
1942250964,4244
1942252952,4234
1942254883,4239
1942255575,4247
1942265400,4234
1942268693,4244
1942273487,4239
1942276829,4247
1942284658,4234
1942288923,4244
1942290333,4245
1942295035,4234
1942299359,2802
1942305461,4236
1942309372,4244
1942314075,4247
1942321260,4226
1942327648,4244
1942347513,4238
1942348081,4244
1942355748,4244
1942357801,4244
1942357819,4244
1942361373,4244
1942364948,4244
1942373667,4245
1942384821,4244
1942397054,4244
1942404728,4234
1942408851,2802
1942412358,2802
1942428628,4226
1942429816,4239
1942478433,4226
1942483300,4244
1942485271,4244
1942493291,4244
1942524996,4244
1942526231,4234
1942526447,4234
1942529334,2802
1942606652,4239
1942620232,2802
1942642152,4245
1942660147,4234
1942752035,4234
1952304966,4236
1952304990,4238
1952307233,4239
1952315475,4244
1952332884,4238
1952338758,4245
1952345001,4239
1952353054,4234
1952353674,4226
1952358541,4234
1952386393,2802
1952386401,4245
1952388977,4234
1952392797,4244
1952396384,4226
1952400392,4244
1952404402,2802
1952415499,4234
1952424095,2802
1952456527,2802
1952458846,4244
1952466989,4226
1952473431,4234
1952485062,4244
1952493363,4244
1952493371,4244
1952512865,4239
1952516973,4244
1952542698,4244
1952545345,4244
1952561474,4239
1952569345,4238
1952590317,4238
1952620320,4244
1952629867,4234
1952689135,4244
1952701039,2802
1952702151,4239
1952702250,4244
1952716169,4234
1952737439,4244
1952770760,2802
1952771941,4238
1952796724,4234
1952838245,4244
1962402560,4244
1962403378,4247
1962409433,4244
1962409821,4234
1962418913,4244
1962427153,4245
1962439224,4239
1962446757,4236
1962450973,4238
1962457069,4244
1962470567,4226
1962480467,4234
1962481614,4226
1962490359,2802
1962493676,2802
1962497081,4226
1962497867,4234
1962499582,4234
1962515023,4226
1962594382,4244
1962596734,4244
1962599084,4244
1962606939,4244
1962632968,4226
1962636068,4245
1962644658,4244
1962645259,4234
1962652487,2542
1962656322,4226
1962664680,2802
1962768663,4244
1962820860,4244
1962841957,2802
1962865311,4234
1972500361,4234
1972504405,4247
1972505105,4244
1972506145,4245
1972526119,4238
1972538486,4239
1972540557,4234
1972547891,4245
1972548220,4239
1972549533,4245
1972581775,4239
1972582096,4239
1972584514,4226
1972585123,2802
1972591923,4234
1972594638,4234
1972616407,4244
1972650786,4245
1972650851,4244
1972657609,4244
1972658060,4234
1972670552,4247
1972674968,4234
1972687077,4244
1972690006,4244
1972690089,4244
1972708667,4226
1972718104,4239
1972722288,4234
1972723104,4245
1972749174,2802
1972764546,4234
1972788032,4234
1972805414,4244
1972862654,4244
1972867398,4244
1972900397,4244
1972904035,4234
1982000162,4247
1982606943,4239
1982614814,4239
1982633376,4238
1982642716,2802
1982644886,4239
1982650024,4234
1982656609,4226
1982657276,4239
1982660437,4234
1982661617,2802
1982689279,4238
1982703328,4238
1982724076,4245
1982751707,4244
1982751772,4239
1982751863,4244
1982753968,4244
1982758553,4244
1982761136,4245
1982764924,4238
1982774592,4245
1982796306,4244
1982797916,4244
1982815924,4244
1982836672,4245
1982874582,4226
1982900437,2802
1982903753,4239
1982909669,4244
1982914156,4244
1982920252,4234
1982921383,4244
1982922878,4244
1982930301,4234
1982943528,4234
1982973830,4238
1982993572,4226
1992030407,4239
1992040646,4244
1992057509,4244
1992064935,4245
1992070452,4234
1992092605,4244
1992134357,4239
1992149819,4234
1992150940,4245
1992152227,4239
1992194468,4244
1992700736,4244
1992703698,4239
1992705081,4239
1992708911,4236
1992734792,4244
1992744676,4234
1992750442,2802
1992758981,4234
1992770929,4245
1992776405,4234
1992790091,4234
1992792576,4234
1992797658,2802
1992803498,2802
1992805220,4245
1992840813,4234
1992852792,4244
1992875892,4239
1992892574,4244
1992897300,4244
1992897326,4244
1992902738,4244
1992904049,4244
1992941264,4236
1992949465,4244
1992950166,4234
1992956114,4245
1992960298,4239
1992961841,4238
1992978845,4234
1992985949,4234
1992987085,4244